sensor_id;count;min;max;mean;out_count
S0;1000;-25;125;50.304;331
S1;1000;-25;125;50.247;332
S10;1000;-25;125;49.734;331
S11;1000;-25;125;49.677;332
S12;1000;-25;125;49.62;331
S13;1000;-25;125;49.714;332
S14;1000;-25;125;49.657;331
S15;1000;-25;125;49.751;332
S16;1000;-25;125;49.694;331
S17;1000;-25;125;49.788;332
S18;1000;-25;125;49.731;331
S19;1000;-25;125;49.825;332
S2;1000;-25;125;50.19;331
S20;1000;-25;125;49.768;331
S21;1000;-25;125;49.862;332
S22;1000;-25;125;49.805;331
S23;1000;-25;125;49.899;332
S24;1000;-25;125;49.842;331
S25;1000;-25;125;49.936;331
S26;1000;-25;125;49.879;331
S27;1000;-25;125;49.973;331
S28;1000;-25;125;49.916;331
S29;1000;-25;125;50.01;331
S3;1000;-25;125;50.133;332
S30;1000;-25;125;49.953;331
S31;1000;-25;125;50.047;331
S32;1000;-25;125;49.99;331
S33;1000;-25;125;50.084;331
S34;1000;-25;125;50.027;331
S35;1000;-25;125;50.121;331
S36;1000;-25;125;50.064;331
S37;1000;-25;125;50.158;331
S38;1000;-25;125;50.101;332
S39;1000;-25;125;50.195;331
S4;1000;-25;125;50.076;331
S40;1000;-25;125;50.138;332
S41;1000;-25;125;50.232;331
S42;1000;-25;125;50.175;332
S43;1000;-25;125;50.269;331
S44;1000;-25;125;50.212;332
S45;1000;-25;125;50.306;331
S46;1000;-25;125;50.249;332
S47;1000;-25;125;50.343;331
S48;1000;-25;125;50.286;332
S49;1000;-25;125;50.38;331
S5;1000;-25;125;50.019;332
S50;1000;-25;125;50.323;332
S51;1000;-25;125;50.266;331
S52;1000;-25;125;50.209;332
S53;1000;-25;125;50.152;331
S54;1000;-25;125;50.095;332
S55;1000;-25;125;50.038;331
S56;1000;-25;125;49.981;332
S57;1000;-25;125;49.924;331
S58;1000;-25;125;49.867;332
S59;1000;-25;125;49.81;331
S6;1000;-25;125;49.962;331
S60;1000;-25;125;49.753;332
S61;1000;-25;125;49.696;331
S62;1000;-25;125;49.639;332
S63;1000;-25;125;49.582;331
S64;1000;-25;125;49.676;332
S65;1000;-25;125;49.619;331
S66;1000;-25;125;49.713;332
S67;1000;-25;125;49.656;331
S68;1000;-25;125;49.75;332
S69;1000;-25;125;49.693;331
S7;1000;-25;125;49.905;332
S70;1000;-25;125;49.787;332
S71;1000;-25;125;49.73;331
S72;1000;-25;125;49.824;332
S73;1000;-25;125;49.767;331
S74;1000;-25;125;49.861;332
S75;1000;-25;125;49.804;331
S76;1000;-25;125;49.898;331
S77;1000;-25;125;49.841;331
S78;1000;-25;125;49.935;331
S79;1000;-25;125;49.878;331
S8;1000;-25;125;49.848;331
S80;1000;-25;125;49.972;331
S81;1000;-25;125;49.915;331
S82;1000;-25;125;50.009;331
S83;1000;-25;125;49.952;331
S84;1000;-25;125;50.046;331
S85;1000;-25;125;49.989;331
S86;1000;-25;125;50.083;331
S87;1000;-25;125;50.026;331
S88;1000;-25;125;50.12;330
S89;1000;-25;125;50.063;331
S9;1000;-25;125;49.791;332
S90;1000;-25;125;50.157;330
S91;1000;-25;125;50.1;331
S92;1000;-25;125;50.194;330
S93;1000;-25;125;50.137;331
S94;1000;-25;125;50.231;330
S95;1000;-25;125;50.174;331
S96;1000;-25;125;50.268;330
S97;1000;-25;125;50.211;331
S98;1000;-25;125;50.305;330
S99;1000;-25;125;50.248;331
